y,x0,x1,x2,x3,f,f0,f1,f2,f3
3.12281237,0.8966972,0.450485437,0.045724717,0.2769640612,3.698402,0.63773679,2.461992,0.5986732,0
10.93664234,0.265508663,0.81425175,0.366526579,0.0616094244,11.908832,1.48141126,5.096242,5.331179,0
10.97315797,0.3721239,0.928777226,0.741393025,0.3553213477,10.47965,1.84076823,6.408046,2.230835,0
3.36425699,0.572853363,0.147481045,0.93350625,0.577037754,3.299029,1.94784424,1.343075,0.008109708,0
8.68329436,0.90820779,0.749821665,0.67320995,0.5350315585,8.226698,0.56878697,4.480091,3.17782,0
9.7237405,0.201681931,0.97565735,0.701357107,0.6042728303,11.107494,1.18410365,7.037934,2.885457,0
8.69809614,0.898389685,0.974792463,0.847625408,0.4861489784,8.059669,0.62764874,7.025771,0.4062495,0
5.38808048,0.944675269,0.35062557,0.706156655,0.131626568,5.182129,0.34586799,2.016274,2.819987,0
3.9731619,0.660797792,0.393949057,0.85880776,0.9645700487,4.245979,1.75019298,2.19877,0.2970159,0
12.08396791,0.629114044,0.950951009,0.445644491,0.7424615764,11.761265,1.83771291,6.698623,3.224929,0
4.94240385,0.06178627,0.10664832,0.676634992,0.3668393847,4.774599,0.38578134,1.237752,3.151066,0
13.38948997,0.205974575,0.934760117,0.127824783,0.1508252949,13.010574,1.20573163,6.485184,5.319658,0
5.69726292,0.176556753,0.3461621,0.736171535,0.2269396733,5.379486,1.05332458,1.998355,2.327807,0
6.18402711,0.687022847,0.533060606,0.067245148,0.7451168089,6.084553,1.66460298,2.904093,1.515856,0
13.11368926,0.384103718,0.538794299,0.28080007,0.0505923778,13.027788,1.86889005,2.937587,8.22131,0
9.08095215,0.76984142,0.71471795,0.411617684,0.5939932968,9.444601,1.32337097,4.176343,3.944887,0
4.52878657,0.497699242,0.4057905,0.943424997,0.158368042,4.254868,1.99994776,2.251465,0.003455883,0
2.58753033,0.717618508,0.152788141,0.977342533,0.762780725,2.907949,1.55052127,1.357407,2.102872e-5,0
3.20820898,0.991906095,0.340232761,0.038866585,0.9952810649,2.420618,0.05085003,1.974797,0.3949716,0
8.55204549,0.380035179,0.626654848,0.587727777,0.1739981107,8.487928,1.85963433,3.501914,3.12638,0
3.47492684,0.777445221,0.057372678,0.030011677,0.6191308226,2.608076,1.28717518,1.121588,0.1993131,0
8.66720529,0.934705231,0.85166764,0.565281208,0.537983174,8.8771,0.40738802,5.492235,2.977477,0
6.01495957,0.212142521,0.212645346,0.098227231,0.8182582622,6.136746,1.23642321,1.530035,3.370288,0
10.2361875,0.651673766,0.76824843,0.630290789,0.3217469072,9.730193,1.77721401,4.648278,3.304701,0
3.55297415,0.125555096,0.136487586,0.818501835,0.5823269368,2.8724,0.76858798,1.313868,0.7899446,0
8.63943324,0.267220669,0.32486514,0.350041663,0.0709323795,9.319921,1.48861657,1.915024,5.91628,0
11.54746454,0.386114093,0.621076294,0.133983675,0.5706440131,11.043545,1.87335094,3.46306,5.707134,0
4.69191038,0.013390333,0.255982249,0.080943378,0.5606772506,4.032842,0.08410913,1.668566,2.280167,0
11.0624035,0.382387957,0.634875799,0.350443314,0.4341709395,11.32678,1.86502392,3.559968,5.901787,0
3.86046938,0.869690846,0.485672107,0.996271785,0.9619487852,3.437571,0.79607812,2.641493,5.154566e-10,0
10.68587509,0.340348997,0.938176917,0.532968811,0.7112716844,11.076361,1.7536687,6.529653,2.79304,0
13.66442383,0.482080115,0.857501537,0.33589738,0.258469532,13.982601,1.99683149,5.556693,6.429077,0
11.09476608,0.599565825,0.370883538,0.314234643,0.9256775377,11.200987,1.90295426,2.099642,7.19839,0
8.2468202,0.493541307,0.31420183,0.38262206,0.4208116631,8.6654890000000009,1.99958831,1.874616,4.791285,0
7.28636578,0.186217601,0.82853436,0.018546408,0.8163007456,6.401251,1.10443186,5.243917,0.05290261,0
3.81060859,0.827373319,0.451841513,0.036539117,0.7546650476,3.837146,1.03225363,2.468679,0.3362134,0
3.50676704,0.668466738,0.315878412,0.878513294,0.4121433045,3.761965,1.72636805,1.880912,0.1546848,0
5.63998821,0.794239861,0.097808538,0.402064024,0.514416832,6.623347,1.20465639,1.216061,4.20263,0
4.76056146,0.107943626,0.064900537,0.469381074,0.5422847185,4.721405,0.66530506,1.138602,2.917498,0
9.22439977,0.723710946,0.689457366,0.40233651,0.9740243042,9.69162,1.52605956,3.97059,4.19497,0
8.3529545,0.41127443,0.668050604,0.702090102,0.0736379549,8.60272,1.92280599,3.804183,2.875732,0
11.24183403,0.820946294,0.904546648,0.399164465,0.7695038053,11.45675,1.06662871,6.10491,4.285211,0
5.35330246,0.647060194,0.30169327,0.501958323,0.8725549092,6.362047,1.79032274,1.8283,2.743424,0
8.34184353,0.782932762,0.932808705,0.036973751,0.9898655845,8.067305,1.26059575,6.459923,0.3467862,0
11.32356919,0.553036312,0.201983017,0.297975735,0.965147644,11.201859,1.97230245,1.497753,7.731804,0
7.1108485,0.52971958,0.792378756,0.962841982,0.6364213186,6.869744,1.99128897,4.878108,3.470967e-4,0
5.10808027,0.789356232,0.224630509,0.540701986,0.0653892939,5.624958,1.22900771,1.567154,2.828797,0
0.08673622,0.023331202,0.030756571,0.961099177,0.128414755,1.210355,0.14646304,1.063444,4.479536e-4,0
10.00027733,0.477230065,0.862034041,0.792595364,0.4927847805,8.837458,1.99488509,5.607293,1.23528,0
8.24196879,0.732313739,0.685107505,0.754777193,0.6632448602,7.399854,1.49056867,3.936197,1.973088,0
9.39647415,0.692731556,0.94207491,0.06596663,0.1893787137,9.675975,1.64445339,6.580757,1.450764,0
10.78909056,0.477619622,0.67585376,0.135504779,0.1775983933,11.659925,1.99505854,3.864018,5.800849,0
11.17487481,0.861209477,0.843120148,0.123599376,0.1155603256,11.291321,0.84467634,5.399143,5.047501,0
5.81264014,0.438097107,0.361894185,0.762543861,0.1569524002,5.844428,1.96229904,2.062231,1.819898,0
2.38433456,0.244797277,0.392365885,0.903465716,0.8574108495,3.635714,1.3909106,2.191819,0.05298491,0
7.56220169,0.070679047,0.567687398,0.40265909,0.4248605317,7.738715,0.44044931,3.11234,4.185926,0
9.97302012,0.09946616,0.095152134,0.182563008,0.8783416711,9.930435,0.61484307,1.209618,8.105974,0
9.21419062,0.316271707,0.193784072,0.374565219,0.8248265639,8.205974,1.67598827,1.473393,5.056592,0
7.30769279,0.518634263,0.588066393,0.506208677,0.9788196168,7.977836,1.9965739,3.241813,2.739449,0
7.71444279,0.662005076,0.751504168,0.913502679,0.6345430159,6.272665,1.74650937,4.495192,0.03096396,0
10.36231829,0.406830187,0.867238787,0.076645181,0.691523276,9.609243,1.9149357,5.665967,2.02834,0
6.73555888,0.912875924,0.371795737,0.109745524,0.7921833394,6.777436,0.5406072,2.103477,4.133352,0
8.28995932,0.293603373,0.79881455,0.754267222,0.0341706455,8.518473,1.59408509,4.941303,1.983085,0
10.86444266,0.459065726,0.058314393,0.304598776,0.819993681,10.628309,1.98348512,1.123702,7.521121,0
8.51366108,0.332394674,0.623435709,0.723809656,0.6876361626,7.754327,1.7290944,3.47944,2.545793,0
13.59698021,0.650870467,0.356641407,0.232330029,0.4317768919,12.738333,1.77952338,2.040679,8.91813,0
9.24916277,0.258016781,0.587927932,0.393458867,0.2438757869,9.143581,1.44937892,3.240916,4.453286,0
10.47927666,0.478545248,0.913784642,0.507879397,0.008147703,10.953146,1.99545868,6.218752,2.738935,0
3.49255071,0.766310671,0.199442183,0.939916865,0.4211061434,2.834843,1.33992263,1.490161,0.004759155,0
4.30755219,0.084246914,0.369083624,0.057875171,0.430653251,3.683254,0.52318056,2.092098,1.067976,0
11.74955391,0.87532133,0.671408328,0.304765705,0.5955921228,12.108999,0.76350118,3.829816,7.515683,0
14.64692462,0.339072938,0.768144551,0.240924044,0.9849630587,15.284818,1.74979976,4.647313,8.887705,0
8.43596956,0.83944035,0.522248276,0.385203435,0.5280434559,8.517242,0.96658729,2.841967,4.708687,0
9.03034636,0.346683489,0.828075018,0.762983356,0.5232784178,8.822752,1.77245613,5.239102,1.811194,0
4.71024806,0.333774931,0.527096195,0.864646999,0.7864448049,4.851457,1.73343646,2.869657,0.2483636,0
7.22269173,0.476351245,0.501754825,0.679111215,0.0877224093,7.852483,1.99448283,2.727839,3.130161,0
5.61865376,0.892198336,0.41997332,0.676762705,0.2561119806,6.130727,0.66446382,2.316243,3.15002,0
10.78389497,0.864339471,0.362298283,0.165052519,0.3566041202,10.294733,0.82680947,2.063898,7.404025,0
4.61887033,0.389989543,0.12342891,0.802867429,0.249055458,4.210922,1.88173928,1.279997,1.049186,0
6.03711019,0.777320699,0.298161529,0.711993431,0.1750184877,5.838075,1.28777391,1.815431,2.73487,0
1.60036791,0.960617997,0.27667649,0.928703089,0.5729220808,1.997532,0.24681362,1.739074,0.01164397,0
6.73329661,0.434659485,0.791456031,0.007494605,0.4833931483,6.83103,1.95801063,4.869114,0.003904586,0
8.81207417,0.712514679,0.778181302,0.596331653,0.8099489692,9.49031,1.57057676,4.741543,3.17819,0
9.0949096,0.399994369,0.143787281,0.366745681,0.750515234,8.558873,1.9021021,1.33319,5.323581,0
5.65357374,0.325352152,0.515526151,0.741967155,0.3474437976,6.730477,1.70643538,2.804015,2.220027,0
6.36381594,0.757087148,0.597240485,0.762087391,0.8068744843,6.513157,1.38237828,3.301844,1.828935,0
12.44686739,0.202692255,0.505843024,0.260722959,0.2517642281,12.593718,1.18921357,2.750234,8.654271,0
12.09940057,0.711121222,0.386099633,0.254935881,0.592963554,12.484944,1.57598239,2.164521,8.74444,0
7.70048072,0.121691921,0.426098101,0.67884081,0.1562157334,6.223421,0.74612279,2.344791,3.132508,0
6.5431655,0.245488514,0.011759735,0.485480662,0.1751596516,5.215768,1.39402819,1.023798,2.797941,0
11.770775,0.143304379,0.91933177,0.37858453,0.2263773009,12.081306,0.87029841,6.288129,4.922879,0
3.77346944,0.239629415,0.079439693,0.055547983,0.791963252,3.507433,1.36739591,1.172197,0.9678407,0
3.38945016,0.058934377,0.507374255,0.899025898,0.3883764797,3.192587,0.36818363,2.75867,0.06573392,0
8.29754009,0.642288259,0.820171617,0.801723314,0.9112220325,8.02979,1.80348573,5.156939,1.069365,0
7.18538534,0.876269213,0.598395418,0.48101305,0.1218470512,6.891716,0.75799314,3.309479,2.824243,0
3.45135561,0.77891467700000006,0.424153526,0.032128759,0.987835157,3.855037,1.28009491,2.335689,0.2392532,0
5.68947226,0.797308826,0.559310271,0.512006812,0.7552879206,6.989936,1.18920811,3.060629,2.740098,0
11.66288511,0.455274454,0.789094472,0.373101272,0.3107758339,11.932381,1.98028956,4.846171,5.10592,0
6.47046031,0.410084082,0.167715258,0.498571685,0.019865358,6.068705,1.9207347,1.398542,2.749428,0
12.01773328,0.810870243,0.97045173,0.399265737,0.6822830613,12.366975,1.11964017,6.965041,4.282294,0
4.7389635,0.60493329,0.473503098,0.020946945,0.4387360667,4.544661,1.89230645,2.57798,0.07437455,0
10.47970245,0.654723928,0.929743206,0.524289028,0.8837007054,10.951205,1.76834227,6.420438,2.762424,0
15.16639701,0.353197272,0.90093927,0.16039885,0.0742437856,15.035658,1.79104324,6.061023,7.183592,0
14.96856233,0.270260146,0.750882188,0.205114235,0.453669556,14.682567,1.50130258,4.489603,8.691661,0
3.95751849,0.992684061,0.676568772,0.975226716,0.8880362706,3.915546,0.04596335,3.869547,3.50827e-5,0
4.85705056,0.633493264,0.648013446,0.966354875,0.7001592417,5.481628,1.82668196,3.654747,1.990976e-4,0
4.96812984,0.213208135,0.07324687,0.760070322,0.3046156112,4.268281,1.24167898,1.157768,1.868835,0
5.0922709,0.129372348,0.423558418,0.076370532,0.5848908024,5.136176,0.79067493,2.332911,2.01259,0
6.859494,0.478118034,0.530824364,0.515823876,0.87045377,7.63054,1.99527609,2.891134,2.744131,0
9.84848083,0.92407447,0.942704762,0.600305195,0.4465235593,10.261758,0.47254335,6.589052,3.200162,0
9.49128424,0.598760967,0.712224559,0.437024091,0.3373730397,9.436653,1.90450434,4.155568,3.37658,0
3.90278587,0.976170695,0.724490575,0.001642261,0.5669086087,4.408401,0.14958413,4.258773,4.35701e-5,0
6.35471769,0.731792512,0.470128618,0.435551518,0.4157649816,7.458007,1.49275024,2.56064,3.404616,0
5.19815475,0.356726912,0.120282256,0.500963769,0.8326606648,5.817691,1.80080226,1.271967,2.744921,0
9.87687275,0.431473691,0.783097671,0.669604706,0.1537075881,9.945488,1.95383249,4.788395,3.20326,0
6.3066546,0.148211561,0.438157397,0.694857107,0.6586490432,6.267211,0.8979544,2.402031,2.967226,0
4.75969254,0.013077575,0.43145598,0.782510314,0.001026819,3.879113,0.08214572,2.370052,1.426915,0
8.21472,0.715566066,0.027497879,0.139022846,0.3204509285,8.629359,1.55863455,1.056536,6.014188,0
8.75451774,0.103184236,0.146561843,0.163245677,0.9501328806,9.297683,0.63703067,1.340609,7.320043,0
5.75386196,0.446284349,0.422595158,0.75954291,0.0125525096,6.179267,1.97159004,2.328421,1.879256,0
10.28313952,0.640101045,0.767137174,0.443703617,0.0790907654,9.704552,1.80938369,4.637959,3.257209,0
3.83337147,0.99183862,0.004766445,0.62966883,0.2132883705,4.364752,0.05127384,1.009578,3.3039,0
9.03982811,0.495593578,0.603595692,0.10451286,0.994843259,9.12921,1.99980837,3.344079,3.785323,0
9.90388273,0.484349524,0.905577261,0.835548897,0.4920395876,8.663376,1.99758305,6.117506,0.5482873,0
10.8678968,0.173442335,0.706661532,0.333949362,0.6276341181,11.645853,1.03663978,4.109589,6.499624,0
11.15568189,0.754820945,0.262537159,0.199519189,0.005961335,11.663793,1.39263329,1.690584,8.580575,0
10.15304223,0.453895489,0.851076219,0.694545476,0.2858539987,10.43574,1.97905756,5.485742,2.97094,0
10.4143435,0.511169784,0.333605515,0.165878763,0.9864804172,11.389302,1.99876875,1.948795,7.441739,0
6.37832938,0.207545113,0.578284268,0.073963904,0.7576923249,6.269053,1.21359002,3.179006,1.876457,0
2.81421962,0.228658143,0.43277313,0.038236188,0.0682749909,4.071128,1.3162877100000001,2.376304,0.3785368,0
3.19677919,0.595711996,0.051595323,0.846020217,0.8107639786,3.442657,1.91026583,1.108703,0.4236887,0
10.80512783,0.574872198,0.729803288,0.373548197,0.1228714071,11.34002,1.94492714,4.304266,5.090827,0
3.17553261,0.07706438,0.548170414,0.880710697,0.4099183606,3.615187,0.47949332,2.993193,0.1425007,0
8.2423837,0.03554058,0.751221986,0.090317772,0.9275436453,7.574517,0.22284435,4.492656,2.859017,0
6.07449527,0.642795492,0.050771165,0.495907411,0.5542082393,5.664965,1.80210577,1.1068770000000001,2.755983,0
7.65631945,0.9286152,0.714966212,0.754322736,0.0142666143,6.605188,0.44477374,4.178417,1.981997,0
7.55789498,0.598092422,0.297694457,0.605890813,0.9673652812,6.947973,1.90578263,1.813736,3.228454,0
6.58604463,0.560900748,0.28347721,0.528412797,0.7700655325,6.501988,1.96350614,1.76289,2.775592,0
6.9014226,0.526027724,0.829877127,0.910206683,0.0799524132,7.288579,1.99331764,5.258019,0.03724237,0
1.41015748,0.985095224,0.086395375,0.985728904,0.3654198484,1.282234,0.09361525,1.188617,1.442469e-6,0
11.50204349,0.507641822,0.042657119,0.279742562,0.4804265453,11.336734,1.99942367,1.089059,8.248251,0
8.54952002,0.682788079,0.348740809,0.123491695,0.675760692,8.728401,1.67920457,2.008688,5.040509,0
11.76413455,0.601541218,0.54233601,0.174379044,0.7864472507,12.661364,1.8990983,2.958469,7.803797,0
5.31959013,0.238868678,0.609460864,0.881335255,0.8100580573,4.886605,1.36390384,3.383537,0.1391633,0
7.78853893,0.258165927,0.271372098,0.124628272,0.0786775036,8.284924,1.4500245,1.720722,5.114177,0
9.94988032,0.729309623,0.205230932,0.298968905,0.168914441,10.71148,1.50308722,1.507514,7.700879,0
11.53271084,0.452570831,0.381632148,0.16473464,0.036732794,11.512507,1.97783911,2.145268,7.3894,0
5.1693914,0.175126768,0.472558115,0.072609544,0.2401423089,5.420177,1.04567618,2.573112,1.801388,0
16.21722551,0.74669827,0.83551795,0.238413982,0.9121951819,15.647796,1.42880642,5.317674,8.901316,0
4.33176723,0.10498764,0.121471496,0.716666605,0.0013634798,4.585393,0.64776137,1.274996,2.662636,0
8.66274582,0.864544949,0.675808125,0.645020992,0.2273004481,7.992354,0.82563373,3.863665,3.303055,0
6.72994808,0.614644972,0.49668522,0.075874967,0.1682629318,6.556276,1.8716754,2.70032,1.98428,0
15.90137279,0.557159539,0.902237748,0.172708922,0.149762515,15.781086,1.96784046,6.076783,7.736462,0
10.9964208,0.328777319,0.551263967,0.145670358,0.6480971612,11.132155,1.71756074,3.01177,6.402825,0
8.48788456,0.453131445,0.128564677,0.391901184,0.4855725493,7.771978,1.97835896,1.293212,4.500407,0
13.06544229,0.500440973,0.442009786,0.231745099,0.6932443194,13.339121,1.99999808,2.42061,8.918513,0
5.09963006,0.180866361,0.192297696,0.561379823,0.2896694567,5.496899,1.07624572,1.46902,2.951634,0
7.6028969,0.529630603,0.434900622,0.583520187,0.9786716597,7.477202,1.99134101,2.386436,3.099425,0
5.56326018,0.075275746,0.225133403,0.098759338,0.2881263294,5.442504,0.46857524,1.568731,3.405198,0
16.67781366,0.277755933,0.961096282,0.158916541,0.5257645212,15.478515,1.53200066,6.83593,7.110584,0
3.67516258,0.212699519,0.448427465,0.922065404,0.0778222696,3.709408,1.23917214,2.45188,0.0183566,0
7.06527669,0.284790481,0.777144985,0.859449719,0.6785538353,6.583153,1.56003738,4.731726,0.2913896,0
2.04324675,0.895094103,0.158219774,0.904534136,0.1819497165,2.06972,0.64727542,1.372233,0.05021081,0
13.05373802,0.446235323,0.866808583,0.115268956,0.5298044551,12.133023,1.97153829,5.661094,4.50039,0
3.43786834,0.77998489,0.206145606,0.035539234,0.8016788289,3.097782,1.27492113,1.510274,0.3125862,0
5.66339,0.880619035,0.177949683,0.585754388,0.3131871959,5.273939,0.73263134,1.427464,3.113844,0
10.68886026,0.41312421,0.164891146,0.314168265,0.6912734117,10.517305,1.92597137,1.390665,7.200668,0
5.86936691,0.063808481,0.565268977,0.556889274,0.7730445226,6.418144,0.39824078,3.097322,2.922581,0
11.411053,0.335487492,0.727181021,0.354495415,0.2617936325,11.7766,1.73877858,4.281751,5.75607,0
13.89049678,0.723725947,0.875918989,0.143268312,0.678760153,13.555907,1.52599864,5.765189,6.264719,0
8.2386851,0.337615333,0.708424384,0.567135463,0.9921432959,8.859342,1.74534598,4.124104,2.989892,0
11.66506948,0.630414122,0.477463211,0.334098658,0.5514875199,10.927176,1.83447432,2.598479,6.494222,0
10.18164318,0.840614554,0.820279994,0.120401191,0.9306844736,10.956997,0.96012182,5.158057,4.838818,0
9.9277757,0.856131665,0.016612211,0.255854324,0.2074043448,10.638546,0.8734874,1.033783,8.731277,0
14.3257719,0.391359281,0.996111101,0.353385316,0.2299590395,15.012338,1.8846374,7.331808,5.795892,0
6.08003953,0.380493886,0.634894836,0.831319929,0.4839865894,6.024662,1.86069309,3.560104,0.6038649,0
5.07076874,0.895445426,0.428475381,0.783223917,0.4610593938,4.414282,0.6451864,2.355966,1.41313,0
1.92357434,0.644315763,0.028392933,0.940152207,0.782721357,2.861033,1.79794238,1.058429,0.004661215,0
6.22426191,0.741078649,0.753332701,0.839199032,6.052661e-4,6.467682,1.45328948,4.511661,0.502731,0
10.04221609,0.605303447,0.208633975,0.148985019,0.7506233801,9.998124,1.89155227,1.517809,6.588763,0
10.17399954,0.903081611,0.999455405,0.590676085,0.8307324375,11.125303,0.59959064,7.381012,3.1447,0
8.28510303,0.293730155,0.907249193,0.823962601,0.3146712363,8.440085,1.59456605,6.137997,0.7075226,0
8.4760733599999991,0.19126011,0.712465032,0.631885365,0.71203316,8.59472,1.13070634,4.157567,3.306447,0
8.54791845,0.886450943,0.730932884,0.469929961,0.2517115492,7.924687,0.69841435,4.314001,2.912272,0
13.66009259,0.503339486,0.472487921,0.258740904,0.3093474982,13.259708,1.99988993,2.572751,8.687067,0
5.69607772,0.877057543,0.862510687,0.024580351,0.9867532195,6.48184,0.75340711,5.612641,0.1157922,0
8.51311698,0.189193622,0.165415122,0.328808128,0.423095647,9.19712,1.11997265,1.392123,6.685024,0
13.29338856,0.758103052,0.620427926,0.224853484,0.852890213,13.742563,1.37775833,3.458572,8.906233,0
2.21034152,0.724498893,0.292331395,0.877331839,0.5343999167,3.478765,1.52285487,1.794386,0.1615243,0
5.28248755,0.943724818,0.456141734,0.677654201,0.5481775163,5.98437,0.35174832,2.490002,3.14262,0
6.32269289,0.547646587,0.045639209,0.525933304,0.8455439785,5.840571,1.97763586,1.095574,2.767361,0
5.68301665,0.711743868,0.177661752,0.557686664,0.3770290799,5.927886,1.57357069,1.426642,2.927673,0
12.28889549,0.3889051,0.057932068,0.247471673,0.1660436785,11.836842,1.87942008,1.122843,8.834579,0
7.71641257,0.100873126,0.944410234,0.007296771,0.1892480287,7.238425,0.62324917,6.611566,0.003610659,0
1.98410943,0.927302089,0.342743474,0.948906435,0.8568678161,2.43955,0.45281384,1.984738,0.001998411,0
6.71770314,0.2832325,0.517950571,0.719150139,0.3375032346,6.994396,1.55389314,2.817644,2.622858,0
14.8130475,0.590573159,0.625245335,0.279324545,0.775028235,13.670422,1.91957954,3.492056,8.258786,0
4.26335764,0.110360605,0.237264854,0.743782856,0.0690702021,4.472537,0.6796072,1.607258,2.185671,0
4.10284426,0.840507032,0.516123914,0.870748401,0.2409492657,3.971546,0.96071441,2.807369,0.2034621,0
12.25133171,0.317963684,0.806541828,0.380370125,0.2428018379,11.564359,1.68176568,5.018262,4.864331,0
5.81167487,0.782851337,0.348264734,0.719447516,0.3871129891,5.885802,1.2609929,2.006776,2.618033,0
16.0434718,0.267508207,0.858687453,0.23960671,0.8718050211,15.955036,1.48982252,5.569888,8.895326,0
4.89314078,0.218645285,0.034438761,0.647764874,0.9671970485,5.63772,1.2682779,1.071305,3.298138,0
10.17243641,0.516796836,0.970997146,0.975670761,0.8669162709,8.96989,1.9972161,6.972643,3.163278e-5,0
10.41294053,0.268950592,0.745110136,0.377998808,0.4377153015,10.876128,1.49585355,4.438073,4.942202,0
5.06930414,0.181168327,0.273255242,0.464144129,0.1919377921,5.776638,1.07784441,1.727215,2.971578,0
6.41742717,0.518576137,0.677106102,0.812296296,0.0822944045,6.759235,1.99659523,3.873708,0.8889318,0
7.78001645,0.562782936,0.347947468,0.494408113,0.5834516375,6.727124,1.96122297,2.005503,2.760398,0
7.13028899,0.129156854,0.947020522,0.050309023,0.0703614955,8.195511,0.78943107,6.646172,0.7599076,0
8.78193416,0.256367604,0.338623775,0.130621741,0.5276626558,8.907794,1.44221924,1.968452,5.497123,0
9.10831132,0.717935276,0.031713204,0.161438316,0.4722882854,9.848738,1.54926334,1.065481,7.233993,0
4.45604029,0.961409936,0.353585798,0.08945316,0.0481913707,5.074328,0.241875,2.028246,2.804207,0
6.96325978,0.100140847,0.387123588,0.403614088,0.5945408077,6.947128,0.61887558,2.168959,4.159294,0
5.02796411,0.76322269,0.35694716,0.063859868,0.7912712151,4.742339,1.35426359,2.041928,1.346148,0
11.10363021,0.947966355,0.959968606,0.562005922,0.5988686837,10.101763,0.32548291,6.82053,2.95575,0
9.40235817,0.818634688,0.383738205,0.336524108,0.0279159292,9.639566,1.07888678,2.154323,6.406357,0
7.7206461,0.308292331,0.546337621,0.540642281,0.3957266319,7.458843,1.64810644,2.982242,2.828494,0
6.51787259,0.64957946,0.925323476,0.913231222,0.1062439645,8.178595,1.78321108,6.363935,0.03144863,0
11.29068055,0.953355451,0.916859527,0.386880759,0.024111388,11.204834,0.29202858,6.257114,4.655691,0
2.90393307,0.95373265,0.242732993,0.960267164,0.8408977678,1.91512,0.28968376,1.624932,5.037793e-4,0
10.97812638,0.339979203,0.717090839,0.384686591,0.3263999259,10.673886,1.75255041,4.19621,4.725125,0
3.42669703,0.26247411,0.348946036,0.941601979,0.2942976472,3.482139,1.46853459,2.009512,0.004092231,0
7.04809982,0.165453933,0.554283351,0.680635657,0.8228979798,7.140049,0.99339379,3.030012,3.116643,0
5.81974384,0.322168057,0.742972413,0.902642354,0.4143474246,6.170253,1.69591582,4.419139,0.05519854,0
16.19673013,0.510125207,0.819698319,0.253797066,0.010171223,15.911193,1.99898826,5.15206,8.760145,0
10.52162322,0.923968471,0.869657265,0.406097129,0.0524083886,10.25771,0.47319047,5.693439,4.09108,0
3.9899578,0.510959698,0.035865134,0.014248614,0.7303703814,3.098241,1.99881463,1.074366,0.02506062,0
6.09999123,0.30570736,0.220024403,0.110447794,0.073394947,7.371726,1.63885099,1.552783,4.180092,0
5.13135065,0.046460887,0.36697321,0.501537792,0.0703566265,5.118203,0.29088691,2.083286,2.74403,0
8.57996271,0.417856258,0.305696442,0.371526648,0.6371719672,8.9361,1.93377268,1.842997,5.15933,0
6.00221035,0.854001502,0.727830458,0.805915554,0.413305871,6.168992,0.885508,4.287316,0.9961676,0
5.65768327,0.347230678,0.699728766,0.007922844,0.4307178308,5.83164,1.7740462,4.053001,0.004593014,0
7.07382197,0.131442321,0.910060927,0.836512059,0.0802463705,7.511263,0.80260463,6.172611,0.5360475,0
12.42928792,0.374486865,0.84560261,0.376839179,0.2771166787,12.253163,1.84652285,5.426016,4.980624,0
10.85385367,0.631420228,0.77854464,0.385248533,0.7940710189,11.284192000000001,1.83194702,4.74499,4.707255,0
3.17363748,0.390078934,0.400843428,0.951530576,0.0910974657,4.112729,1.88192948,2.229298,0.001501369,0
8.33853726,0.689627849,0.576804659,0.475674239,0.2766821776,7.687609,1.65547433,3.169612,2.862522,0
5.55690358,0.689413412,0.076359446,0.552093794,0.1362554582,5.713946,1.65622997,1.164997,2.892718,0
7.58890557,0.554900623,0.872974851,0.934716325,0.6634760951,7.709036,1.97032591,5.731342,0.007367775,0
8.9531747,0.429624408,0.956285736,0.863436256,0.9791300225,8.979782,1.95131737,6.770477,0.2579883,0
12.70177247,0.452720063,0.50553108,0.259914484,0.2118113344,13.394381,1.97797809,2.748519,8.667884,0
11.41081747,0.306443259,0.924366364,0.687699835,0.3720269843,11.040883,1.6414969,6.351765,3.047621,0
6.63356977,0.578353944,0.134513533,0.447907246,0.1183647166,6.437069,1.93971248,1.308691,3.188666,0
10.20997667,0.910370304,0.238737003,0.218016276,0.7827238087,11.030371,0.55574753,1.611997,8.862626,0
6.75963636,0.142604082,0.489962622,0.686236815,0.0655782137,6.593362,0.86633464,2.664257,3.06277,0
4.35690665,0.415047625,0.474060097,0.959382025,0.7837750923,4.510617,1.92919378,2.580854,5.691766e-4,0
12.78701662,0.210925751,0.434994159,0.259404481,0.123852212,12.293593,1.23040498,2.386883,8.676305,0
5.81104657,0.428750371,0.03924896,0.468759992,0.7773416725,5.95528,1.9501057,1.081661,2.923513,0
11.55409426,0.132689975,0.644331015,0.321339558,0.3613490728,11.388722,0.80977877,3.627929,6.951014,0
14.3579459,0.460096446,0.7155672,0.164642815,0.6159300108,13.552911,1.98430526,4.183442,7.385163,0
6.15099587,0.942957059,0.351666721,0.714727725,0.9170427292,5.070002,0.35649607,2.020477,2.693029,0
10.12865289,0.761973862,0.946556749,0.528165751,0.1052200999,10.774768,1.36002718,6.64001,2.77473,0
13.6838249,0.932909829,0.743106507,0.23471468,0.715545794,13.753061,0.41842582,4.420324,8.914311,0
3.65199875,0.470678498,0.05078592,0.064431662,0.1563665555,4.47264,1.9915206,1.106909,1.37421,0
12.44417719,0.603588068,0.980364781,0.675763496,0.2615757212,12.157646,1.8950257,7.104508,3.158112,0
4.71959577,0.484989681,0.217822453,0.806145362,0.7737913677,4.535952,1.99777669,1.54596,0.9922155,0
5.91756711,0.108806317,0.036196002,0.115471235,0.5947590705,6.259283,0.67041436,1.075077,4.513791,0
5.51082455,0.247726833,0.260703865,0.692014421,0.0953767167,6.088868,1.40407817,1.684397,3.000392,0
7.72431749,0.498514531,0.720415786,0.021786229,0.1584679338,6.307148,1.99997822,4.224207,0.08296289,0
8.98449536,0.372866708,0.247894181,0.361376709,0.7010907149,8.995718,1.84258817,1.641792,5.511338,0
4.58416568,0.93469137,0.234915792,0.73228005,0.2691827263,4.405538,0.40747329,1.599725,2.39834,0
9.77797215,0.523986078,0.021011843,0.312623042,0.2968300637,10.29075,1.99432439,1.042919,7.253507,0
7.48177005,0.317144672,0.264620628,0.447153053,0.5626652923,6.577208,1.67897501,1.697644,3.200589,0
6.93953525,0.277966029,0.691801619,0.825439068,0.3451765124,6.208126,1.53284892,3.98925,0.6860268,0
8.95744621,0.787540508,0.034669391,0.331795465,0.9963633108,8.887248,1.23798801,1.071799,6.57746,0
9.10701986,0.702462513,0.06278613,0.144025167,0.2148896281,9.051217,1.6088912,1.133797,6.308529,0
11.35775395,0.165027639,0.397706092,0.300920752,0.5907471976,10.845816,0.99106818,2.215354,7.639394,0
10.20546045,0.064457539,0.490028425,0.162601797,0.4089910474,10.356464,0.40223644,2.664608,7.28962,0
5.33652974,0.754705622,0.631048748,0.839471578,0.5399289276,5.425397,1.39315327,3.532824,0.4994201,0
8.22297086,0.620410033,0.723404312,0.664307477,0.8098068775,9.343705,1.85860302,4.249531,3.235571,0
8.46250303,0.169576767,0.076765792,0.138867306,0.0106531433,8.186599,1.015793,1.165945,6.004861,0
11.1885066,0.062214052,0.421446081,0.325881814,0.6749895562,9.501312,0.38841835,2.323076,6.789817,0
8.47663251,0.109029269,0.973726686,0.831430219,0.880181554,8.284923,0.671734,7.010811,0.6023778,0
8.86858561,0.381716352,0.813805783,0.717164813,0.4080887658,9.609926,1.86349583,5.091699,2.654732,0
9.69583181,0.169310915,0.223767723,0.14939992,0.8940521346,9.190449,1.01435374,1.564452,6.611643,0
8.34219863,0.298652542,0.489742306,0.42127969,0.8078513138,7.984104,1.61304312,2.663083,3.707977,0
5.61081034,0.192209535,0.011340193,0.445182652,0.0522684227,5.391073,1.13562187,1.02294,3.232512,0
3.30482488,0.257170021,0.258602297,0.883927376,0.9511394694,3.248933,1.44570767,1.677332,0.1258931,0
7.77680398,0.181231823,0.454598772,0.414997327,0.4989403517,7.419731,1.07818045,2.48233,3.859221,0
9.14047918,0.47731371,0.740976688,0.689892162,0.4974591837,9.420554,1.99492258,4.401535,3.024097,0
10.26840724,0.770737043,0.990660012,0.716920877,0.2012220104,11.230063,1.31914644,7.25231,2.658606,0
2.47609509,0.027787122,0.332204946,0.01237917,0.6809973193,2.134462,0.17436998,1.943343,0.01674854,0
9.13165794,0.527310777,0.944791405,0.037829448,0.5473041837,8.977389,1.99264299,6.616608,0.368138,0
11.12497392,0.880319069,0.96185342,0.090877414,0.6095777403,10.4753,0.73438475,6.84629,2.894626,0
11.44761655,0.373063372,0.8992775,0.398823967,0.3081829965,12.179017,1.84306833,6.040912,4.295037,0
2.12295463,0.047959132,0.492715835,0.900214576,0.1640611647,3.041287,0.30019731,2.678968,0.06212181,0
7.89565229,0.138628247,0.784935478,0.444902628,0.8473997263,8.886919,0.84375201,4.806028,3.237139,0
9.11515007,0.32149212,0.803119047,0.755153092,0.177070725,8.643401,1.6936608,4.984026,1.965713,0
8.1916556,0.154831611,0.677767624,0.71147024,0.5862107258,7.556497,0.93492446,3.878837,2.742736,0
11.04333711,0.132228172,0.581277579,0.16675635,0.9725565496,11.486536,0.8071248,3.198094,7.481317,0
3.34993316,0.221305928,0.330668087,0.869142389,0.5340993139,3.433245,1.28115959,1.937379,0.2147058,0
4.24341728,0.226380796,0.0013146569999999999,0.089184535,0.8109162545,5.095343,1.30548098,1.002633,2.787229,0
9.77335642,0.131416534,0.065801964,0.163013663,0.6509065111,9.252223,0.80245622,1.140656,7.309111,0
0.71631406,0.98156346,0.085951917,0.849353688,0.7709811071,1.691308,0.11577544,1.187564,0.3879687,0
6.12595515,0.327013727,0.013109717,0.628130341,0.0345583153,6.040057,1.71185714,1.026566,3.301634,0
13.13030062,0.506939497,0.335745624,0.208459951,0.5586602811,12.704013,1.99952473,1.957154,8.747334,0
6.10028549,0.681442515,0.119264317,0.672860827,0.120087367,6.133568,1.68378201,1.26938,3.180405,0
3.99429674,0.099169103,0.593595445,0.964205691,0.6862996281,3.891209,0.61306673,3.27786,2.816959e-4,0
1.56088981,0.118902558,0.037312676,0.881738852,0.9141256611,1.94435,0.72983353,1.07748,0.1370358,0
0.93770562,0.05043966,0.009571792,0.961764687,0.5603497603,1.335332,0.31559708,1.019328,4.069819e-4,0
4.83519624,0.92925392,0.161596126,0.464693186,0.5755760449,4.787939,0.44086014,1.381531,2.965548,0
8.77410696,0.673712233,0.831898988,0.072877357,0.516750155,8.804959,1.70949404,5.279324,1.816142,0
5.24595649,0.094857855,0.766842754,0.874308754,0.6580485823,5.402421,0.58722695,4.635229,0.1799655,0
13.23108078,0.492596121,0.272780316,0.198872806,0.5883965802,12.29132,1.999459,1.725576,8.566285,0
6.01906889,0.461551841,0.188163299,0.534589759,0.0799245799,6.242278,1.98542788,1.456923,2.799927,0
8.31917177,0.375216531,0.225761835,0.105562191,0.1561362534,7.274005,1.84827928,1.570704,3.855022,0
5.27575244,0.99109922,0.061970368,0.383995017,0.9850813674,5.935066,0.05591797,1.131949,4.7472,0
4.8099176,0.176350714,0.059900241,0.747705925,0.9918297974,4.290121,1.05222387,1.127272,2.110625,0
5.77537615,0.813435209,0.165468866,0.695790998,0.2947561906,5.454503,1.10624989,1.392273,2.95598,0
4.1284653,0.068446637,0.072987886,0.098391772,0.7887124645,4.965002,0.42675631,1.157168,3.381078,0
7.14364811,0.400449747,0.042885892,0.611531793,0.6868310652,6.24601,1.90298437,1.089558,3.253468,0
3.02994075,0.141144326,0.522461272,0.020925254,0.4008266635,3.775397,0.85805878,2.843178,0.07416017,0
8.66651933,0.193309862,0.789231489,0.649712249,0.396841136,9.282532,1.14130604,4.847499,3.293727,0
4.63014564,0.841351717,0.694753348,0.97837807,0.8874139406,4.968942,0.95605613,4.01287,1.606832e-5,0
2.50340798,0.719913988,0.066576047,0.842504459,0.8220780955,3.147227,1.54137091,1.142424,0.4634325,0
2.77070304,0.267212083,0.017957747,0.842785842,0.2652450397,2.985322,1.48858055,1.036568,0.4601735,0
8.71124496,0.495001645,0.442158423,0.387452163,0.181170874,9.058845,1.99975343,2.42133,4.637762,0
3.05831086,0.083113898,0.157602083,0.793071102,0.9564740674,3.11328,0.51630619,1.370539,1.226435,0
9.87589617,0.353884241,0.718860116,0.406196559,0.8373998422,10.092425,1.79295992,4.211085,4.08838,0
11.58010893,0.969208805,0.703941833,0.253348905,0.3466526319,13.046598,0.1931652,4.087296,8.766137,0
11.22477903,0.62471419,0.885226305,0.419303989,0.8420864418,11.47636,1.84844554,5.873511,3.754403,0
6.1914934,0.66461825,0.325261015,0.495499533,0.0101301828,6.412123,1.73845019,1.916541,2.757131,0
8.59798284,0.312489656,0.970881567,0.858245957,0.214541924,8.935931,1.66290312,6.971031,0.3019965,0
10.64571263,0.405689613,0.984820266,0.732264854,0.9137349792,11.479567,1.91285561,7.168099,2.398612,0
0.72674851,0.996077372,0.039184718,0.974428491,0.0486553451,1.10621,0.02464598,1.081522,4.205503e-5,0
11.308738,0.855082356,0.893571288,0.10005491,0.8712309443,10.342178,0.87941362,5.972362,3.490402,0
5.91404276,0.953548396,0.822399151,0.832590837,0.655788006,6.057644,0.29082921,5.179965,0.58685,0
8.1597898699999991,0.812305092,0.724244693,0.450554178,0.2193718783,8.516957,1.11215851,4.256679,3.148119,0
3.32556513,0.782182116,0.288920138,0.850459136,0.0094371433,3.422984,1.26425388,1.782185,0.3765451,0
5.60595473,0.267878129,0.501948605,0.569751544,0.0792144954,7.227763,1.49137219,2.728896,3.007495,0
2.98827983,0.76215153,0.428347001,0.961542514,0.7674508516,3.71499,1.35920848,2.355361,4.203091e-4,0
6.27721104,0.986311589,0.610016016,0.729908489,0.033287856,5.913784,0.08598032,3.387296,2.440507,0
16.27975737,0.293605549,0.926113174,0.283779509,0.7749520643,16.111316,1.59409335,6.373994,8.143228,0
5.50773126,0.399351107,0.240123258,0.739606498,0.39395963,5.781613,1.90084918,1.616473,2.264291,0
4.54564191,0.812131524,0.271881834,0.070742576,0.7848172586,4.535363,1.11306474,1.722478,1.69982,0
6.21541362,0.077151669,0.735003646,0.900119547,0.0333322957,4.891698,0.48002576,4.349267,0.06240511,0
10.6485396,0.36369681,0.751545873,0.133420573,0.366151578,11.987217,1.81942173,4.495567,5.672228,0
11.76654246,0.442592467,0.930591921,0.555886078,0.2076884399,11.31513,1.96756156,6.431346,2.916222,0
7.03022126,0.156714133,0.462730275,0.600408033,0.9659125376,6.669106,0.94536436,2.52303,3.200712,0
13.54447844,0.58220527,0.860691177,0.132961039,0.5649660074,13.169587,1.93367398,5.592254,5.64366,0
5.33820735,0.970162179,0.31203642,0.509312337,0.4411159519,4.792668,0.18720212,1.866515,2.738951,0
6.80666475,0.989499833,0.208039013,0.367049908,0.8038681166,6.895008,0.06596253,1.516004,5.313041,0
7.94681469,0.176452036,0.920827467,0.003304547,0.1656332775,7.360082,1.05276522,6.306967,3.491087e-4,0
4.0405475300000004,0.542130424,0.052736884,0.04797986,0.2061185623,3.769264,1.98250728,1.111237,0.6755201,0
4.85058704,0.384303892,0.411155431,0.88204845,0.3485866776,4.280509,1.86933757,2.275753,0.1354192,0
4.17912199,0.676164051,0.456341215,0.82351704,0.4508149077,4.906519,1.70144741,2.490996,0.7140765,0
7.98889788,0.26929378,0.415860248,0.413030901,0.1031767328,7.703257,1.497284,2.297268,3.908705,0
6.59083054,0.469250942,0.670353452,0.921733218,0.6006184618,5.831176,1.9906755,3.821744,0.0187566,0
8.48509103,0.171800082,0.75690408,0.477402933,0.1005779079,8.421103,1.02780171,4.544002,2.849299,0
10.28745941,0.369189462,0.911651314,0.474994424,0.9571861092,10.893699,1.83348072,6.192276,2.867943,0
10.64806094,0.725405273,0.819952086,0.657836067,0.5809744394,9.940725,1.51915694,5.154676,3.266893,0
9.42471849,0.486149104,0.093649853,0.163320454,0.1688943801,10.527655,1.99810684,1.205989,7.32356,0
4.27060405,0.063802467,0.177906081,0.095194371,0.5185711333,4.997935,0.39820375,1.427339,3.172392,0
4.67569892,0.78454623,0.64221458,0.861514792,0.0543228397,5.139072,1.25270914,3.612605,0.273758,0
16.36466169,0.418321636,0.874282994,0.23987917,0.2950232725,16.574709,1.93451685,5.746356,8.893836,0
7.31057769,0.981018085,0.59231335,0.555404132,0.0324744703,6.30185,0.11919621,3.269466,2.913187,0
2.25576687,0.282883956,0.262432192,0.849406595,0.4134484048,3.63016,1.55251347,1.69023,0.3874171,0
12.7036927,0.84788215,0.883752264,0.349647581,0.7108047316,12.706545,0.9198173,5.856221,5.930507,0
1.8444956,0.082239231,0.187689346,0.975738595,0.4382942168,1.966568,0.51099484,1.455543,3.113107e-5,0
3.98954746,0.886458751,0.488866982,0.86940553,0.4760303509,3.569629,0.69836839,2.658425,0.2128357,0
5.17879782,0.471930731,0.009820487,0.754124051,0.3797047215,4.997953,1.99222894,1.019835,1.985889,0
10.63136043,0.109100963,0.360434043,0.22367342,0.7799683425,11.629349,0.67215829,2.056217,8.900973,0
5.53425206,0.333277985,0.442161691,0.769816465,0.96157720310000006,5.829047,1.7318769,2.421346,1.675825,0
2.22512404,0.837416569,0.125729221,0.874713584,0.4439984141,2.441016,0.97769982,1.285899,0.1774165,0
6.55244027,0.276849842,0.624364548,0.043793108,0.276576519,5.55095,1.52833468,3.48591,0.5367054,0
12.90734815,0.587035141,0.302431332,0.199760707,0.6528749417,12.342539,1.92570124,1.831001,8.585837,0
3.91388639,0.83673227,0.239637228,0.853742358,0.7547240353,2.940203,0.98144838,1.614902,0.3438521,0
6.31364349,0.071154024,0.358629764,0.652254128,0.5887063819,5.778974,0.44335992,2.048811,3.286803,0
7.46693184,0.702778743,0.892910413,0.869332019,0.3668980706,7.785541,1.60771011,5.964474,0.213357,0
10.3535815,0.698824537,0.990627265,0.813636587,0.5093910261,9.741292,1.62236412,7.251835,0.8670925,0
12.49206513,0.463962381,0.732421197,0.361447638,0.1442291136,11.822894,1.98719593,4.326861,5.508837,0
12.2572709,0.43693111,0.992788088,0.090895846,0.2666545357,12.139913,1.96087009,7.283243,2.8958,0
8.75511101,0.562176788,0.539789362,0.57465529,0.1738209126,7.945969,1.96196574,2.943439,3.040564,0
6.18709282,0.928483226,0.433801762,0.654730414,0.8965272952,6.105554,0.44558215,2.381198,3.278775,0
9.87606557,0.230466414,0.964673674,0.822204776,0.5623431327,8.943394,1.32482056,6.885015,0.7335578,0
5.62233996,0.221813754,0.148319643,0.455575515,0.342454318,5.705678,1.28360812,1.34533,3.07674,0
3.00733171,0.420215893,0.066493056,0.984328898,0.2837296803,3.07974,1.93750322,1.142234,2.48983e-6,0
5.29226085,0.333520806,0.024251488,0.750398378,0.7475384832,4.840894,1.73263947,1.049698,2.058556,0
10.1071609,0.86480755,0.612423242,0.133555687,0.5628501948,9.908388,0.82413063,3.403644,5.680614,0
12.95814274,0.177194536,0.69660874800000006,0.215173513,0.5653859954,13.91955,1.05672898,4.027789,8.835032,0
6.8984311,0.493318729,0.801141887,0.848379538,0.633331829,7.362126,1.99955944,4.964357,0.3982096,0
5.55340953,0.429713367,0.137730284,0.465341185,0.962586592,6.227118,1.95143986,1.317137,2.958541,0
3.59755002,0.564263843,0.159784823,0.91576779,0.7689412041,3.363049,1.95937836,1.376535,0.02713566,0
8.34302935,0.656162316,0.988833593,0.916557738,0.7615241767,9.015857,1.76410217,7.225867,0.02588848,0
3.08335353,0.978554063,0.398645696,0.819854584,0.1527221475,3.123274,0.13464688,2.219521,0.7691064,0
6.37466398,0.232161148,0.187911816,0.566901158,0.367797968,5.777289,1.33277885,1.45619,2.98832,0
5.86842944,0.240811596,0.477728241,0.615477161,0.9136157942,7.24123,1.37280707,2.599857,3.268565,0
5.27371767,0.79683608399999994,0.544234023,0.79480029,0.4963501468,5.355773,1.191595,2.969721,1.194456,0
6.75646733,0.831671715,0.328157981,0.439696549,0.0277347269,6.263989,1.00902786,1.927678,3.327284,0
11.78406015,0.113507706,0.999930594,0.399153744,0.4501393854,12.371722,0.69817089,7.38803,4.28552,0
6.48514233,0.963312016,0.527781836,0.565485285,0.0271877181,6.082442,0.23000735,2.873594,2.97884,0
9.35487891,0.1473229,0.133734508,0.151647832,0.0182709296,8.933645,0.89296169,1.306653,6.73403,0
4.0583723,0.143626943,0.438540068,0.807460845,0.8719624789,4.245712,0.87212274,2.40387,0.9697185,0
6.61192394,0.925229935,0.62079394,0.49564136600000003,0.9551888893,6.683318,0.4654858,3.461105,2.756727,0
9.73750346,0.507035603,0.202912412,0.140509183,0.8927384191,9.602849,1.99951148,1.50054,6.102797,0
5.73806721,0.154851017,0.134169773,0.110289279,0.8563087292,6.412366,0.93503224,1.307791,4.169543,0
11.35790908,0.348302052,0.776833998,0.110791063,0.1235330754,10.708863,1.77714431,4.728784,4.202935,0
6.0787033,0.659821026,0.635949849,0.004714279,0.2216547388,5.321778,1.75315483,3.567624,9.99364e-4,0
12.81085989,0.311772374,0.282136297,0.238404355,0.6902721776,12.319924,1.66039492,1.758168,8.901361,0
3.7168131,0.351573409,0.191259456,0.878822879,0.6487721258,3.405378,1.78647942,1.465973,0.1529262,0
4.28932428,0.147845707,0.26553672,0.077218657,0.0914451922,4.658021,0.89589979,1.700757,2.061365,0
12.32884426,0.658877609,0.530808793,0.13853856,0.5955695848,10.63216,1.75599988,2.891044,5.985116,0
6.5924733700000004,0.185069965,0.684860904,0.047524575,0.9443782379,5.692287,1.09841303,3.934256,0.659618,0
2.69146239,0.954378137,0.383283394,0.033918873,0.128657653,2.714385,0.28567022,2.152364,0.2763505,0
6.91037257,0.897848492,0.954987998,0.916089018,0.5247018889,7.410426,0.63087646,6.752927,0.02662315,0
2.37471533,0.943697054,0.118356581,0.840200394,0.931875708,2.109626,0.35192004,1.267078,0.4906287,0
10.36574332,0.723690751,0.039100055,0.178871416,0.4419820663,10.582919,1.52614158,1.081339,7.975438,0
7.10113811,0.370357066,0.504505033,0.495267945,0.4019716133,7.337085,1.8363991,2.742884,2.757801,0
11.99272905,0.78101754,0.578482555,0.306958527,0.3655225004,11.893883,1.26991528,3.180267,7.443701,0
13.64235519,0.011149509,0.839303908,0.274376962,0.5728299774,13.806486,0.0700401,5.358091,8.3783550000000009,0
9.70715481,0.940308712,0.654444975,0.128243855,0.106167401,9.421313,0.37285711,3.702062,5.346394,0
10.61986014,0.993749226,0.94452834,0.429381913,0.657213832,10.18117,0.03927225,6.613127,3.52877,0
7.0974648,0.357405745,0.51165763,0.695944964,0.8004791578,7.539167,1.8026538,2.782404,2.95411,0
9.85182141,0.747635063,0.084921059,0.335060718,0.1600811391,9.069191,1.42468157,1.185118,6.459391,0
11.66232,0.792909024,0.994770509,0.701246433,0.4991498063,11.410414,1.21132072,7.312177,2.886916,0
5.21794292,0.705859006,0.40144412,0.840534915,0.1388657729,4.314725,1.59612285,2.231978,0.4866238,0
6.97963955,0.475825039,0.895646297,0.882632007,0.6885982102,8.123843,1.99423469,5.997199,0.1324084,0
10.18107418,0.494654526,0.876858412,0.76658935,0.4806419264,9.515491,1.99971799,5.776031,1.739741,0
10.36807698,0.308052449,0.296484798,0.322027628,0.2078128748,10.383333,1.64725211,1.809353,6.926727,0
3.47404501,0.695012246,0.13259191,0.042117008,0.7177213356,3.42577,1.63625519,1.303671,0.4858443,0
2.90097153,0.822793306,0.265910908,0.892709922,0.3334210713,2.846364,1.05679384,1.70203,0.08754039,0
6.49167605,0.434717641,0.005727543,0.638105145,0.529427384,6.278496,1.95808508,1.011521,3.30889,0
9.12918611,0.514732653,0.819601821,0.554493116,0.5934987487,10.05641,1.99785817,5.151066,2.907486,0
4.88177595,0.663010968,0.174661679,0.766329948,0.759889012,4.906411,1.74342105,1.418108,1.744882,0
9.59998123,0.143166587,0.843080552,0.096861294,0.0396959095,9.549153,0.86951881,5.398716,3.280919,0
5.75583886,0.344487394,0.166712167,0.748016488,0.6311799523,5.266402,1.76602186,1.395739,2.10464,0
6.48936638,0.405763582,0.764019435,0.875217988,0.1703498054,6.696395,1.91299125,4.609129,0.1742753,0
3.38596856,0.085311006,0.518938087,0.007668596,0.7072565858,3.357021,0.5296307,2.823215,0.004175561,0
2.02811978,0.932571928,0.272685303,0.934916985,0.2647222746,2.152999,0.42050169,1.725248,0.007250036,0
7.16381272,0.838384067,0.343203136,0.406965658,0.0803224456,7.0265319999999996,0.97239222,1.986564,4.067576,0
5.38425298,0.879433296,0.70507534,0.78876339,0.7132072696,6.143349,0.7395586,4.096573,1.307217,0
2.69277669,0.935712468,0.591535301,0.976127625,0.7508141221,3.665601,0.40119002,3.264382,2.837765e-5,0
9.08642392,0.072460633,0.469379038,0.333402546,0.1702255255,9.527569,0.45136157,2.556804,6.519403,0
4.14376729,0.378759441,0.336376606,0.787214821,0.2148221596,5.152908,1.85666945,1.959625,1.336614,0
12.5915228,0.537864923,0.967837429,0.089360916,0.13685529,11.712958,1.98586611,6.928718,2.798374,0
5.76696021,0.105050139,0.645841884,0.043699902,0.320704787,4.820847,0.64813287,3.638908,0.53380590000000006,0
3.79066264,0.80168770600000006,0.196301169,0.514933738,0.6596533132,5.390749,1.16697507,1.480829,2.742945,0
4.20518454,0.739641746,0.357180385,0.048089328,0.4582466034,4.18173,1.45947723,2.04288,0.6793727,0
6.55129021,0.052149013,0.513018082,0.089196128,0.2217838394,5.904144,0.32619811,2.789985,2.787961,0
9.97139414,0.482169573,0.882996741,0.688325522,0.0496916156,10.885249,1.99686304,5.847379,3.041008,0
2.013106,0.920517841,0.152667565,0.034838534,0.8429674953,2.147913,0.49422765,1.35708,0.2966056,0
5.1706473,0.041528429,0.230461597,0.430910924,0.4603559768,5.342727,0.26019122,1.585537,3.496999,0
5.02532308,0.293991799,0.162988578,0.759294051,0.044669064,4.865112,1.59555781,1.385384,1.884171,0
6.14205419,0.500850487,0.614346859,0.831796955,0.3300201099,6.014203,1.99999286,3.416763,0.5974472,0
9.7174908,0.609748935,0.501636444,0.382462517,0.3504820233,9.405919,1.88229531,2.727193,4.79643,0
7.40464664,0.26424905,0.188118888,0.615554819,0.2362209987,6.201717,1.47608256,1.456793,3.268841,0
10.94225649,0.42309861,0.407714853,0.34498665,0.2093228262,10.30128,1.94191624,2.260147,6.099217,0
7.50793526,0.366563616,0.582388047,0.532278774,0.2895849689,7.822245,1.82682746,3.205205,2.790213,0
11.31840835,0.942505322,0.308929065,0.260009107,0.2998300432,10.880547,0.3592886,1.854951,8.666307,0
7.04625153,0.123723565,0.48096564,0.572860622,0.8935240039,6.403165,0.75795115,2.616745,3.028469,0
7.55955489,0.070032679,0.939394792,0.905846678,0.7626606291,7.029016,0.43648687,6.545577,0.04695148,0
4.24322077,0.964317038,0.046040548,0.566021879,0.1040293686,4.302615,0.22373338,1.096454,2.982428,0
4.66458938,0.442510108,0.53486173,0.056486818,0.7586695484,5.889718,1.96746867,2.914573,1.007676,0
9.11851878,0.37027238,0.442660782,0.102113745,0.4147337857,7.886271,1.83618826,2.423764,3.626319,0
14.05612608,0.141185087,0.90636547,0.328341856,0.2210356765,13.687211,0.85829012,6.127157,6.701763,0
7.22514734,0.054190429,0.881042382,0.990600507,0.0067186998,6.163414,0.33884616,5.824568,1.243199e-7,0
6.65061069,0.657828069,0.163241116,0.714365339,0.0302505426,5.843874,1.75914683,1.386084,2.698644,0
8.80195409,0.578161917,0.752190766,0.078974184,0.2501018369,8.604958,1.94000613,4.501369,2.163583,0
6.20701008,0.987101764,0.402987202,0.614216449,0.2204949793,5.583865,0.08101983,2.238877,3.263968,0
8.13520283,0.603792401,0.556952693,0.493233673,0.3080809917,7.705075,1.89461484,3.046232,2.764228,0
10.51298428,0.064949919,0.080169282,0.269097655,0.9088925838,10.074096,0.40526645,1.173908,8.494921,0
10.65849399,0.162109082,0.116568592,0.293110863,0.9385027736,10.117177,0.97509871,1.262555,7.879523,0
12.143517750000001,0.47539792,0.925192561,0.4752783,0.4919046049,11.221963,1.99402927,6.362269,2.865664,0
5.08818313,0.001932835,0.878844241,0.964078546,0.1680202663,5.811449,0.01214428,5.799017,2.87336e-4,0
5.83411572,0.441459143,0.163207627,0.423632102,0.1888945531,7.006345,1.96627178,1.385991,3.654082,0
4.54452971,0.260929737,0.531563901,0.844097096,0.1915552216,4.802509,1.46192996,2.895413,0.4451655,0
7.13020796,0.938413745,0.929792168,0.953827351,0.503481938,6.806767,0.38454813,6.421067,0.001152143,0
11.27360049,0.715833284,0.325715994,0.286473525,0.0811121538,11.545835,1.5575819,1.918286,8.069967,0
5.01911409,0.163085478,0.160794631,0.540849398,0.7946965506,5.189315,0.98045045,1.379318,2.829546,0
11.92057583,0.476188018,0.949707918,0.581378318,0.5713472301,11.761805,1.99440644,6.68199,3.085408,0
12.46751652,0.690256723,0.462357049,0.256286894,0.9676878855,12.899326,1.65325395,2.521147,8.724924,0
3.4124508,0.46089518,0.220770887,0.878083968,0.8757687688,3.697176,1.9849265,1.555103,0.1571466,0
1.34430483,0.955146738,0.002019233,0.882302388,0.70585316,1.41904,0.28088965,1.004047,0.1341032,0
4.38296799,0.712540122,0.619192603,0.987334685,0.1153546777,5.020516,1.57047778,3.450038,7.175206e-7,0
8.90591296,0.397147933,0.402505922,0.101620901,0.1609923474,7.726954,1.89649915,2.236723,3.593732,0
8.98932901,0.117720612,0.900032611,0.618775002,0.3351543345,10.052489,0.72291425,6.050042,3.279533,0
7.50562252,0.240116273,0.505881984,0.70473377,0.9886091854,6.959909,1.36962668,2.750448,2.839834,0
13.17334473,0.863630567,0.96598515,0.148588431,0.9140789425,14.30077,0.83086316,6.903098,6.566809,0
2.32917469,0.435976402,0.027486615,0.890810592,0.5350971802,3.111201,1.95968049,1.056512,0.09500795,0
12.13346219,0.497868052,0.379413213,0.1626703,0.2468936925,11.428593,1.99995514,2.135768,7.292869,0
8.83570943,0.691927672,0.386744662,0.12186647,0.922346818,8.749319,1.64732295,2.167316,4.93468,0
3.76473103,0.760313282,0.337820725,0.977556857,0.753489617,3.332972,1.36765864,1.965293,1.991106e-5,0
6.62873537,0.155401223,0.364431851,0.627110265,0.9035073135,6.310721,0.93808682,2.072724,3.29991,0
4.7670853,0.849457093,0.63875597,0.01919943,0.651548156,4.557022,0.91101907,3.587702,0.05830048,0
1.82706519,0.946817819,0.032914327,0.829164145,0.0207791626,2.033978,0.33260104,1.068044,0.6333337,0
6.14712633,0.58841919,0.696192588,0.998877475,0.0958790276,5.947772,1.92333476,4.024438,3.952209e-13,0
6.25852744,0.502250815,0.815564175,0.868095516,0.9495869642,7.331841,1.99995,5.109637,0.2222544,0
7.33822782,0.189779918,0.507422853,0.396911075,0.8881765886,8.232686,1.12302279,2.758938,4.350725,0
0.58533871,0.001836858,0.112592626,0.936241783,0.4562339913,1.270605,0.01154126,1.252555,0.006509023,0
13.83194696,0.877578062,0.906323301,0.324772896,0.7867438609,13.706367,0.75037652,6.126641,6.82935,0
3.20100939,0.134111338,0.413338953,0.972447562,0.2010267568,3.103714,0.81793658,2.285713,6.434553e-5,0
5.68661695,0.022741224,0.473755788,0.562598454,0.3127032006,5.681706,0.1427658,2.579283,2.959657,0
7.35668388,0.939136706,0.71371418,0.579329038,0.5297618094,7.619909,0.3800894,4.167967,3.071853,0
4.59175729,0.292948723,0.241871211,0.824690354,0.1829994372,3.910616,1.59159761,1.622134,0.6968845,0
11.28890806,0.164326574,0.299640628,0.198444478,0.5324056412,11.364699,0.98723972,1.82081,8.55665,0
8.95537733,0.399102556,0.704478821,0.618989635,0.3481135857,9.272243,1.90036299,4.091688,3.280192,0
16.06002858,0.459575412,0.771674948,0.224564615,0.5102481619,15.569167,1.98389328,4.680242,8.905032,0
2.01913056,0.434030849,0.013840341,0.02522373,0.7921956864,3.109571,1.9572017,1.028067,0.1243018,0
7.05178182,0.517009826,0.551313953,0.756505125,0.4412105512,6.948362,1.99714507,3.012071,1.939146,0
8.00798317,0.846245753,0.65246119,0.638156945,0.286292244,7.925218,0.92893499,3.687403,3.30888,0
8.34661359,0.055164286,0.931660708,0.057868913,0.9335603227,7.857683,0.34487503,6.445108,1.0677,0
8.24255455,0.554177061,0.690391705,0.673797813,0.0304510647,9.122524,1.97110106,3.978017,3.173407,0
6.59069347,0.688275238,0.253767139,0.691544771,0.8489856008,6.327135,1.66022813,1.66119,3.005716,0
6.59630558,0.658057554,0.41103837,0.74522896,0.4431827196,6.191812,1.75846037,2.27522,2.158132,0
7.73790329,0.663342725,0.122891113,0.124061871,0.6320752334,8.0985220000000009,1.74239865,1.278621,5.077502,0
11.19352036,0.472234203,0.131966556,0.151171787,0.779914357,10.002774,1.99239596,1.302041,6.708337,0
11.81550861,0.969528166,0.640118008,0.177430625,0.2804739128,11.710564,0.19116788,3.597489,7.921907,0
4.97284191,0.402197063,0.346423432,0.008869468,0.1232040566,3.912116,1.90633353,1.999399,0.006382653,0
6.36221758,0.849552104,0.422756605,0.633788643,0.8934331869,6.547601,0.91048758,2.329173,3.307941,0
13.31356905,0.756644907,0.93940888,0.372750885,0.405973302,13.047921,1.38438502,6.545762,5.117774,0
11.94233522,0.532601219,0.383889231,0.277720049,0.7551082305,12.443101,1.98951936,2.154974,8.298608,0
11.10753216,0.874149661,0.228585131,0.172508501,0.1108172624,10.078153,0.77030027,1.579598,7.728255,0
14.49112148,0.467115116,0.690278686,0.203711141,0.3383093136,14.632377,1.98933635,3.977118,8.665923,0
10.66898428,0.008128455,0.009857917,0.221870882,0.546493191,9.962103,0.05106704,1.019911,8.891125,0
14.41342462,0.727767005,0.686130894,0.253431505,0.3121320468,14.218766,1.50946357,3.944262,8.765041,0
14.0917879,0.716589479,0.791674596,0.170097689,0.447294557,14.053263,1.55459709,4.871243,7.627423,0
4.82505956,0.187426371,0.507493489,0.921676764,0.4042810714,3.888908,1.11075578,2.759327,0.01882523,0
9.93886718,0.646067277,0.308076249,0.345313458,0.4865642609,9.732251,1.79309487,1.85179,6.087367,0
8.13954854,0.54197928,0.737212277,0.085109209,0.4391680353,8.884078,1.98263239,4.368521,2.532925,0
7.89416542,0.33532076,0.304715243,0.377817805,0.2668636271,8.525829,1.73826069,1.839384,4.948184,0
9.10823749,0.637908723,0.774708702,0.54334352,0.6518778366,9.366496,1.8152097,4.708726,2.84256,0
4.75302643,0.829201064,0.112113638,0.787010926,0.2390494731,3.614253,1.02240043,1.251355,1.340497,0
12.37460302,0.708975198,0.79774369999999994,0.320313528,0.8133156227,13.502111,1.58424835,4.930732,6.987131,0
4.92164197,0.348550351,0.491001167,0.838038518,0.8082445033,4.964627,1.77785945,2.669797,0.5169704,0
7.41444221,0.128327875,0.832918175,0.998470485,0.5890447479,6.074738,0.78464269,5.290096,2.517907e-12,0
15.50148775,0.388078489,0.758423155,0.213442992,0.5418668597,15.250937,1.87763762,4.557829,8.81547,0
10.60258291,0.928177548,0.902146561,0.437296491,0.0465476112,9.894592,0.4474543,6.075675,3.371462,0
8.83314141,0.804390771,0.278440013,0.378729996,0.4258556906,7.816448,1.15314019,1.745219,4.918089,0
4.38286607,0.758696807,0.44569285,0.965576709,0.6406398213,3.813784,1.37505166,2.438506,2.263596e-4,0
5.6576393,0.957249889,0.272015736,0.641116502,6.56348e-4,5.298224,0.2678001,1.722939,3.307485,0
2.04428886,0.993913879,0.329918326,0.806135334,0.8663883605,2.965102,0.0382379,1.934476,0.9923879,0
6.39205144,0.606440995,0.863600654,0.919062189,0.1010451706,7.536328,1.88921858,5.62489,0.02221951,0
1.85004217,0.029377165,0.109857953,0.058622448,0.0957397413,2.531152,0.18432025,1.245723,1.101109,0
6.8449507,0.33644535800000003,0.4022569,0.477642856,0.7772403711,6.824881,1.74174459,2.235609,2.847527,0
6.64506286,0.277658087,0.406075094,0.696882788,0.0295114114,6.726969,1.53160538,2.252747,2.942617,0
4.17012067,0.11719755,0.375194274,0.044671509,0.3420718804,3.402114,0.71984899,2.117823,0.5644418,0
3.7135438,0.043218259,0.177000096,0.756854317,0.786315874,3.627745,0.27071478,1.424755,1.932275,0
6.18797322,0.370309786,0.2657302,0.591673725,0.1134625257,6.688472,1.83628141,1.701415,3.150775,0
7.91467406,0.336878309,0.659550013,0.510140463,0.3502527571,8.222284,1.74308003,3.740054,2.73915,0
8.12744785,0.173652553,0.816055505,0.452601766,0.3302138818,9.270567,1.03776912,5.11466,3.118137,0
5.20922742,0.62177328,0.421184345,0.025481966,0.6966766696,4.305102,1.85542255,2.32186,0.1278196,0
2.26789878,0.397843627,0.160064304,0.961843609,0.3536143024,3.27559,1.89788258,1.377305,4.023304e-4,0
2.64530161,0.955675769,0.288610127,0.98762744,0.4061790679,2.058679,0.27759821,1.781081,6.256221e-7,0
10.76324493,0.653349443,0.802129008,0.634359558,0.3080298987,10.05479,1.77236026,4.974167,3.308263,0
7.50202218,0.328743717,0.164245682,0.425541347,0.9592029345,6.717779,1.71745256,1.388871,3.611456,0
14.67353716,0.197146714,0.789792735,0.266625905,0.6902688527,14.559294,1.16101963,4.852944,8.545331,0
5.32415602,0.115342325,0.52421497,0.080569488,0.8857395113,5.82001,0.70896132,2.853168,2.257881,0
9.1517427,0.995965479,0.320035003,0.330141563,0.9358551395,8.559038,0.02534897,1.896614,6.637076,0
3.77670622,0.379276725,0.275177088,0.894050103,0.7440799016,3.674274,1.85787524,1.733867,0.08253162,0
13.94601265,0.561988093,0.801898038,0.306675198,0.8384461568,14.387122,1.96219551,4.97187,7.453057,0
7.02222007,0.732718018,0.104024431,0.402423841,0.7993567835,6.912666,1.48887383,1.231273,4.192519,0
9.6630217,0.870805553,0.838122267,0.573791398,0.8936402923,9.169836,0.78964808,5.345444,3.034745,0
6.36300293,0.57217026,0.079262874,0.596988384,0.8311370029,6.302513,1.94881355,1.171782,3.181917,0
7.7365176,0.011036071,0.717564067,0.570017138,0.3707501013,7.278796,0.06932779,4.200183,3.009285,0
15.03216828,0.906315261,0.864617827,0.218071288,0.8719797658,15.079626,0.58017695,5.636344,8.863105,0
9.55815005,0.770653632,0.978558208,0.820126744,0.800761597,9.163372,1.31954032,7.078885,0.764947,0
3.53661478,0.382504623,0.249126208,0.036655781,0.1772845436,3.850164,1.86528853,1.645843,0.3390333,0
4.40511638,0.094045889,0.02486069,0.625582815,0.1632776929,4.930331,0.58234817,1.050978,3.297005,0
4.95488762,0.049653584,0.222978232,0.433478938,0.9444891054,5.317824,0.31071895,1.561983,3.445122,0
8.8457409,0.821162318,0.1220255,0.356926139,0.4446376015,8.011065,1.06548028,1.276409,5.669176,0
4.59435847,0.829324304,0.385239425,0.77366764,0.0783925902,4.782286,1.02173483,2.160801,1.599751,0
10.45833139,0.654732876,0.084330474,0.173452048,0.9855716242,10.718691,1.76831601,1.183719,7.766656,0
5.80123445,0.132827813,0.2825819,0.493208973,0.0158382184,5.334619,0.81057059,1.759736,2.764312,0
7.00132143,0.341809901,0.566582459,0.737188909,0.494882507,7.172645,1.75806348,3.10547,2.309112,0
7.67581859,0.731371579,0.328542302,0.511001023,0.4266262443,6.163171,1.49450912,1.92916,2.739502,0
10.40270644,0.907291416,0.943474683,0.475086916,0.3800654337,10.040709,0.57430461,6.599206,2.867198,0
7.9265036,0.696196999,0.377303514,0.587899941,0.7369443832,6.886202,1.63196328,2.126776,3.127463,0
11.45602048,0.241579222,0.953315612,0.572537379,0.2795383523,11.132976,1.37631056,6.730377,3.026288,0
5.76142125,0.644107229,0.273252868,0.654917741,0.656283872,6.803838,1.7985159,1.727207,3.278115,0
6.50046957,0.280750214,0.687330156,0.865125556,0.7797261027,5.742386,1.54402685,3.953733,0.2446253,0
6.27511998,0.957636521,0.136991804,0.396846376,0.7220525057,5.933209,0.2653925,1.315193,4.352623,0
5.39062024,0.158395957,0.810210772,0.960116156,0.9824060444,6.010399,0.95466329,5.055221,5.144862e-4,0
11.71780428,0.418338992,0.762604692,0.380877255,0.5433227171,11.378454,1.93454453,4.596106,4.847803,0
12.06278929,0.252009797,0.442404834,0.17008828,0.6598878386,11.472659,1.42311461,2.422523,7.627022,0
11.45069021,0.094390268,0.456675695,0.231604879,0.2750393613,11.995652,0.58441787,2.492662,8.918572,0
4.15671087,0.82771777,0.680455089,0.949920209,0.3969441247,4.931933,1.03039932,3.899741,0.001792931,0
6.0525837,0.525305504,0.074397909,0.083508158,0.5591845787,5.588972,1.99368314,1.160436,2.434853,0
13.33773707,0.667747627,0.646629075,0.193044016,0.9809502955,13.797067,1.72864489,3.644642,8.42378,0
9.15342982,0.40827776,0.789914112,0.074695295,0.9649667761,8.689127,1.91754027,4.854122,1.917465,0
6.35101794,0.842589903,0.223316507,0.605016008,0.2180398684,5.736498,0.94921561,1.563041,3.224241,0
11.90633069,0.737305468,0.04094399,0.215842896,0.3931708697,11.396845,1.46947443,1.085334,8.842036,0
7.18285033,0.348224401,0.384648363,0.587987261,0.7342312511,7.063181,1.77692044,2.158248,3.128013,0
10.42496618,0.948938177,0.344092154,0.228897603,0.6915888635,11.226773,0.31945667,1.990099,8.917218,0
8.97979225,0.64667919,0.446368692,0.390925179,0.3367515369,8.763385,1.79138853,2.441805,4.530192,0
8.46582451,0.035277767,0.386833169,0.347905913,0.6904816739,8.382365,0.22120326,2.167699,5.993462,0
7.70724037,0.596448456,0.918317915,0.918379402,0.1534502422,8.207459,1.90889021,6.275391,0.0231779,0
7.53274815,0.415318002,0.174017543,0.112039124,0.8903988076,7.63188,1.92964111,1.416282,4.285957,0
9.94072857,0.076897038,0.149870562,0.254976144,0.8884460288,10.571854,0.47847247,1.349509,8.743872,0
13.7602578,0.528048879,0.613199229,0.18662407,0.1380033474,13.639617,1.99224021,3.40893,8.238447,0
2.24058701,0.962333309,0.017243332,0.745543523,0.035949216,3.423324,0.23611486,1.035088,2.152121,0
2.54834959,0.708740051,0.066110484,0.932968782,0.3550171498,2.734968,1.58514971,1.14136,0.008457298,0
9.75372659,0.553475704,0.778839041,0.494711894,0.3789460782,9.479088,1.9718427,4.747784,2.759461,0
10.15409244,0.242956609,0.935656127,0.644993681,0.6147766982,11.18249,1.38257695,6.496816,3.303097,0
10.16688042,0.778042529,0.20720414,0.175802587,0.5061894406,10.657466,1.28430047,1.513475,7.85969,0
8.36571764,0.651940943,0.643343157,0.602994646,0.3379551331,8.611402,1.7764434,3.620769,3.21419,0
3.73017017,0.830245704,0.331379575,0.887757666,0.3291296531,3.064841,1.01675371,1.940138,0.1079488,0
12.5560002,0.648550947,0.955421591,0.490209404,0.5732970384,11.320531,1.786128,6.758785,2.775618,0
7.11618324,0.479835794,0.817189157,0.018383573,0.0507100436,7.173865,1.99598841,5.12627,0.05160692,0
13.7142187,0.495064106,0.740276143,0.179390792,0.4009629874,14.389513000000001,1.99975955,4.395373,7.994381,0
11.13816902,0.379872591,0.222705977,0.299391138,0.2606310437,11.108049,1.85925813,1.561133,7.687657,0
